customer_id,first_name,last_name,email,phone_number,registration_date,country,segment,annual_spend,is_active
CUST-001,John,Doe,john.doe@example.com,555-0101,2023-01-15,USA,Enterprise,150000.00,true
CUST-002,Jane,Smith,jane.smith@example.com,555-0102,2023-02-20,UK,Mid-Market,45000.50,true
CUST-003,Alice,Johnson,alice.j@example.com,555-0103,2023-03-10,Canada,Enterprise,120000.00,true
CUST-004,Bob,Brown,bob.b@example.com,555-0104,2023-04-05,USA,Small Business,15000.00,false
CUST-005,Charlie,Davis,charlie.d@example.com,555-0105,2023-05-12,UK,Enterprise,250000.00,true
CUST-006,Eve,White,eve.w@example.com,555-0106,2023-06-18,Australia,Mid-Market,60000.00,true
CUST-007,Frank,Miller,frank.m@example.com,555-0107,2023-07-22,USA,Enterprise,300000.00,true
CUST-008,Grace,Wilson,grace.w@example.com,555-0108,2023-08-30,Canada,Mid-Market,55000.00,false
CUST-009,Henry,Moore,henry.m@example.com,555-0109,2023-09-14,Australia,Enterprise,180000.00,true
